{
  "author": "André Antakli",
  "vendor": "DFKI",
  "vendorDomain": "General",
  "date": "André Antakli",
  "version": "1.0",
  "comment": "",
  "optionals": [],
  "contains": [
    {
      "type": "Agent",
      "name": "MOSIM Blocks Agent2",
      "uri": "http://localhost:8090/rdf4j/repositories/agents#AG_2dd46412-dae3-4bca-b7d3-4e0c96986f91"
    },
    {
      "type": "Agent",
      "name": "MOSIM Blocks Agent0",
      "uri": "http://localhost:8090/rdf4j/repositories/agents#AG_3eae8a39-e675-4df9-a522-1d3e1add8945"
    },
    {
      "type": "Agent",
      "name": "Operation Reasoner",
      "uri": "http://localhost:8090/rdf4j/repositories/agents#AG_540ff53c-578f-4744-9455-b256891dd0c5"
    },
    {
      "type": "Agent",
      "name": "Default AgentTemplate",
      "uri": "http://localhost:8090/rdf4j/repositories/agents#AG_94012638-e398-4751-a0a8-d4df081902f9"
    },
    {
      "type": "Agent",
      "name": "MOSIM Blocks Agent1",
      "uri": "http://localhost:8090/rdf4j/repositories/agents#AG_c37a39f7-9676-45b6-ac1e-bd04fbe3ecc5"
    },
    {
      "type": "Agent",
      "name": "test AgentTemplate",
      "uri": "http://localhost:8090/rdf4j/repositories/agents#AG_test_453d29cf-3b15-4595-acd0-b9df08b81d1a"
    },
    {
      "type": "Behavior",
      "name": "MOSIM Stack Behavior",
      "uri": "http://localhost:8090/rdf4j/repositories/agents#BE_0e5e7efc-026a-4bef-9fb3-9d371f1b4d11"
    },
    {
      "type": "Behavior",
      "name": "test Behavior",
      "uri": "http://localhost:8090/rdf4j/repositories/agents#BE_1485af8e-f675-4155-aaaa-51bca8e3339e"
    },
    {
      "type": "Behavior",
      "name": "MOSIM Putdown Behavior",
      "uri": "http://localhost:8090/rdf4j/repositories/agents#BE_336182ec-6658-4fbb-9274-5c3da58d0735"
    },
    {
      "type": "Behavior",
      "name": "MOSIM StackPlanning Behavior",
      "uri": "http://localhost:8090/rdf4j/repositories/agents#BE_5e73250b-f290-4cb2-8d05-950f105cb035"
    },
    {
      "type": "Behavior",
      "name": "Default Behavior",
      "uri": "http://localhost:8090/rdf4j/repositories/agents#BE_6ab4468a-ceb6-4880-bc4b-529476a1bc68"
    },
    {
      "type": "Behavior",
      "name": "Goal Behavior",
      "uri": "http://localhost:8090/rdf4j/repositories/agents#BE_6ab4468a-ceb6-4880-bc4b-529476a1bzz8"
    },
    {
      "type": "Behavior",
      "name": "OR Read Behavior",
      "uri": "http://localhost:8090/rdf4j/repositories/agents#BE_74386344-1834-4270-bf9a-b75882c9d268"
    },
    {
      "type": "Behavior",
      "name": "ASP Behavior",
      "uri": "http://localhost:8090/rdf4j/repositories/agents#BE_8f68c9e2-4a8e-4b5c-a2a0-694702771ff8"
    },
    {
      "type": "Behavior",
      "name": "MOSIM Blocks A2 Behavior",
      "uri": "http://localhost:8090/rdf4j/repositories/agents#BE_917a65bc-3be7-4268-afb0-bf1c66d2226e"
    },
    {
      "type": "Behavior",
      "name": "MOSIM Blocks A1 Behavior",
      "uri": "http://localhost:8090/rdf4j/repositories/agents#BE_92559ddd-a3e1-4606-a261-6076612ac8d1"
    },
    {
      "type": "Behavior",
      "name": "MOSIM Pickup Behavior",
      "uri": "http://localhost:8090/rdf4j/repositories/agents#BE_a4dbcd88-9c69-4900-a7f1-d54ba0294d28"
    },
    {
      "type": "Behavior",
      "name": "OR Write Behavior",
      "uri": "http://localhost:8090/rdf4j/repositories/agents#BE_c98a61e3-628e-4e41-96b6-afe67914c69b"
    },
    {
      "type": "Behavior",
      "name": "MOSIM Unstack Behavior",
      "uri": "http://localhost:8090/rdf4j/repositories/agents#BE_e63dbd81-52aa-4a39-8ab7-f6160ad71f60"
    },
    {
      "type": "Initial Behavior",
      "name": "MOSIM InitialBehavior",
      "uri": "http://localhost:8090/rdf4j/repositories/agents#IB_b240f39b-5372-4941-9875-7f4ead70abe4"
    },
    {
      "type": "Final Behavior",
      "name": "MOSIM FinalBehavior",
      "uri": "http://localhost:8090/rdf4j/repositories/agents#FB_a3404485-99fa-4f6b-b9e4-0f9941ed3b48"
    },
    {
      "type": "Endpoint",
      "name": "ASP Endpoint",
      "uri": "http://localhost:8090/rdf4j/repositories/agents#EP_276927c7-c708-400b-9cff-ce3281df2ec1"
    },
    {
      "type": "Endpoint",
      "name": "Default Endpoint",
      "uri": "http://localhost:8090/rdf4j/repositories/agents#EP_419cf38e-efa4-4732-868a-e4ac1ca1b43e"
    },
    {
      "type": "Endpoint",
      "name": "Reasoning Endpoint",
      "uri": "http://localhost:8090/rdf4j/repositories/agents#EP_4c52c92d-3442-4aa9-ab80-e9a11e774a6b"
    },
    {
      "type": "Endpoint",
      "name": "AR Read Endpoint",
      "uri": "http://localhost:8090/rdf4j/repositories/agents#EP_8bb24bc2-7bdb-4858-8d25-78a81866c981"
    },
    {
      "type": "Endpoint",
      "name": "test Endpoint",
      "uri": "http://localhost:8090/rdf4j/repositories/agents#EP_c5f7d36d-206e-49fc-a5bd-17d81e97a0b3"
    },
    {
      "type": "Endpoint",
      "name": "AR Write Endpoint",
      "uri": "http://localhost:8090/rdf4j/repositories/agents#EP_dbddfebf-6761-4e0a-89a8-27c9f3ab3795"
    },
    {
      "type": "Endpoint",
      "name": "Annotation Endpoint",
      "uri": "http://localhost:8090/rdf4j/repositories/agents#EP_ebe8cc8e-f331-4120-a42c-c0d12e6b34d4"
    },
    {
      "type": "Endpoint",
      "name": "Execute Endpoint",
      "uri": "http://localhost:8090/rdf4j/repositories/agents#EP_ed2f493a-cb67-4083-9024-f0be64729b18"
    },
    {
      "type": "Endpoint",
      "name": "Communicate Endpoint",
      "uri": "http://localhost:8090/rdf4j/repositories/agents#EP_f1bce731-2205-4eb3-9f09-df651c2e6cc9"
    },
    {
      "type": "Event",
      "name": "ASP Event",
      "uri": "http://localhost:8090/rdf4j/repositories/agents#EV_236b4e7f-2ad2-4e47-b09d-9c66f907277c"
    },
    {
      "type": "Event",
      "name": "AR Write Event",
      "uri": "http://localhost:8090/rdf4j/repositories/agents#EV_2ade586c-0446-45b8-bed9-8eb601da69b8"
    },
    {
      "type": "Event",
      "name": "Execute Event",
      "uri": "http://localhost:8090/rdf4j/repositories/agents#EV_567d0ce2-9020-47f2-aa47-1e0906fc7ebe"
    },
    {
      "type": "Event",
      "name": "Default Event",
      "uri": "http://localhost:8090/rdf4j/repositories/agents#EV_6914c47d-1f34-49ae-ba70-3449ea8a123b"
    },
    {
      "type": "Event",
      "name": "AR Read Event",
      "uri": "http://localhost:8090/rdf4j/repositories/agents#EV_9282d3a3-54c1-4f67-a2d1-fa343c283b10"
    },
    {
      "type": "Event",
      "name": "test Event",
      "uri": "http://localhost:8090/rdf4j/repositories/agents#EV_afa67a4c-6712-4722-b492-059307f72fd2"
    },
    {
      "type": "Event",
      "name": "Communicate Event",
      "uri": "http://localhost:8090/rdf4j/repositories/agents#EV_bc91d6c4-f48e-4d2d-8689-faf65159659e"
    },
    {
      "type": "Event",
      "name": "Reasoning Event",
      "uri": "http://localhost:8090/rdf4j/repositories/agents#EV_c4924008-7d67-422e-9e5f-8d1fbdfaa585"
    },
    {
      "type": "Event",
      "name": "Annotation Event",
      "uri": "http://localhost:8090/rdf4j/repositories/agents#EV_f740c424-a1ec-4eb7-9aab-e006899ec7fb"
    },
    {
      "type": "Goal",
      "name": "Unstack Goal",
      "uri": "http://localhost:8090/rdf4j/repositories/agents#GO_19828b78-c997-4dfe-ab9d-d125c6ba0456"
    },
    {
      "type": "Goal",
      "name": "Stack Goal",
      "uri": "http://localhost:8090/rdf4j/repositories/agents#GO_33be6676-6606-4a25-b391-050f2452aac8"
    },
    {
      "type": "Goal",
      "name": "Default Goal",
      "uri": "http://localhost:8090/rdf4j/repositories/agents#GO_6914c47d-1f34-49ae-ba70-3449ea8dazhj"
    },
    {
      "type": "Goal",
      "name": "Putdown Goal",
      "uri": "http://localhost:8090/rdf4j/repositories/agents#GO_851c54e3-ee9e-4f04-9268-4465f9aa23ea"
    },
    {
      "type": "Goal",
      "name": "Pickup Goal",
      "uri": "http://localhost:8090/rdf4j/repositories/agents#GO_d1bc3e81-8ca2-4dc8-ba26-dce0b41c5e53"
    },
    {
      "type": "BT",
      "name": "MOSIM_StackPlanning_BT",
      "uri": "http://localhost:8090/rdf4j/repositories/behaviors#BT_0452cc67-a3d1-4014-84fe-5e020b4910a3"
    },
    {
      "type": "BT",
      "name": "MOSIM_Stack_BT",
      "uri": "http://localhost:8090/rdf4j/repositories/behaviors#BT_07434336-c8ea-442e-bc1c-5969178c9cca"
    },
    {
      "type": "BT",
      "name": "goal_BT",
      "uri": "http://localhost:8090/rdf4j/repositories/behaviors#BT_3ad487c8-aaaa-4281-a923-451339a99bb7"
    },
    {
      "type": "BT",
      "name": "OperationReasoner_Read_BT",
      "uri": "http://localhost:8090/rdf4j/repositories/behaviors#BT_442656cf-cfef-46c8-a694-cb3d22badde4"
    },
    {
      "type": "BT",
      "name": "MOSIM_Unstack_BT",
      "uri": "http://localhost:8090/rdf4j/repositories/behaviors#BT_48e85688-b36f-4f39-b65d-0a2cc93e9b62"
    },
    {
      "type": "BT",
      "name": "MOSIM_Blocks_A1_BT",
      "uri": "http://localhost:8090/rdf4j/repositories/behaviors#BT_52a806b4-0dec-4dd4-b1c3-aa0aff401d44"
    },
    {
      "type": "BT",
      "name": "MOSIM_Pickup_BT",
      "uri": "http://localhost:8090/rdf4j/repositories/behaviors#BT_558d8754-6de8-46d3-a16c-5585b795c696"
    },
    {
      "type": "BT",
      "name": "MOSIM_Putdown_BT",
      "uri": "http://localhost:8090/rdf4j/repositories/behaviors#BT_5f26e491-bcff-4a88-8e90-d18af57b49d1"
    },
    {
      "type": "BT",
      "name": "MOSIM_Blocks_A2_BT",
      "uri": "http://localhost:8090/rdf4j/repositories/behaviors#BT_7068b120-8817-4598-a5fd-86e006fce078"
    },
    {
      "type": "BT",
      "name": "OperationReasoner_Write_BT",
      "uri": "http://localhost:8090/rdf4j/repositories/behaviors#BT_92e7f70f-106f-4e2b-ba06-ee88b42b4333"
    },
    {
      "type": "BT",
      "name": "mapping_BT",
      "uri": "http://localhost:8090/rdf4j/repositories/behaviors#BT_95e69482-7309-463f-a353-78ce87d73a79"
    },
    {
      "type": "BT",
      "name": "handleASP_bt",
      "uri": "http://localhost:8090/rdf4j/repositories/behaviors#BT_be37d1b2-1c30-4213-a4ee-591d7e9278f5"
    },
    {
      "type": "BT",
      "name": "planning_BT",
      "uri": "http://localhost:8090/rdf4j/repositories/behaviors#BT_c04f4e55-c712-4ba9-b996-2e146d9248ed"
    },
    {
      "type": "BT",
      "name": "walk_BT",
      "uri": "http://localhost:8090/rdf4j/repositories/behaviors#BT_cdf47ff4-902c-466d-9529-d23a7e574f89"
    },
    {
      "type": "BT",
      "name": "MOSIM_Final_BT",
      "uri": "http://localhost:8090/rdf4j/repositories/behaviors#FinalBehavior"
    },
    {
      "type": "BT",
      "name": "MOSIM_Initial_BT",
      "uri": "http://localhost:8090/rdf4j/repositories/behaviors#InitialBehavior"
    },
    {
      "type": "Repository",
      "name": "Domain Repository",
      "uri": "http://localhost:8090/rdf4j/repositories/domain"
    },
    {
      "type": "Repository",
      "name": "Definitions Repository",
      "uri": "http://localhost:8090/rdf4j/repositories/editor_data"
    }
  ]
}